APK name,results,cause
DEC64EB98E185858BEDF42491FCE45AE258EA644FAD02918A1CB2B6C7E719669.apk,0 log output,
C67C99188DC772E5ABB555D10610CAAA6053D42FD8633573DA2DF67D887F155C.apk,Succeed log output,
F5DA306896F0D8F52374637D82BFE513BCCCFFD89B95B6D1EE53947FB1091843.apk,Analysis Failed,
436D61DB00BE469D7AB0A09C4F91352AA653C0DBC440494BA63BF0C261742F7B.apk,Succeed log output,
3EC8A1DAACD71118F2D696084604F50C2C76BE25A947D6FA40B9B8AC60B1AAF4.apk,0 log output,
F0082B69E051AC75BDE22DD9DC74FD756D7AC80F003EF88FE3705DA6942E4E7B.apk,0 log output,
B10D2B015819D22178907D7D10B4D048E7DE996E3F39A88A72788A72D63C3D74.apk,Succeed log output,
A2E6CD4D946065E5E4B16669E6F3D009D291E81A9EF77C7D6AEA9348F380F86C.apk,Succeed log output,
DCEF322460C0EDA260F262BD6980048F9A9E9F80B30D5788AFE7A1E74CF087EB.apk,0 log output,
4485DC8B4985340840AEE8A86CF7381954D4A5E74B884F2E62962D165D7F8ECC.apk,Succeed log output,
5D5DCEA4CC9CFC622B735940995214C329230A9D40031C285B30DA1DC3464EF2.apk,Succeed log output,
ABE1F27D283211281D04FE081BB0AB0ECA04775C0EBD361F2614788AC484B4F1.apk,Analysis Failed,
D34D98B92642E41BE5450D85D62A43B8E913F11FDFCCC6D9B0463609E20ECD34.apk,0 log output,
0E43605811A0D746B21D965C6DF5F81C37D7C3F41C131E8C9F0AED6ECE5277F2.apk,0 log output,
F8A7EADC7157EEDBF8FBE1870A3B54C5C34C30E08522D037942BFAAE7373F915.apk,Succeed log output,
81D56CE5A0E4EE7F17BAF609EFE5A0EE45A016AC713B5CA80EA92230C07D2804.apk,Analysis Failed,
F1E7D5D25D22852312DCAB1584E5B4CB630F462157C3804673C95DA6AB05D36A.apk,Succeed log output,
74864B722D1F5ED38DBEFD8D97DB592EC9B75E624B5B679DEC3434A8542A047B.apk,0 log output,
5BC0E58D71C16AE4C65AF2ADE09C222F9CF6630EA3B12A4BE172500800DC4180.apk,Analysis Failed,
1F4F4C771BD9F1DC307E713BFB62DE2C0AED032309244E25E455BC8AD2CCAC63.apk,Succeed log output,
E2935841F2528A6DC70601D10EA4101C54C6AF6AD6E2846CFAF6FCFE29508CCC.apk,Succeed log output,
F9271DB76D4A7A21F6B132F96E6D45E12D04320888C24A73903A923817179789.apk,0 log output,
A3C191D50AF53314A5E3F3AD67EC7F435D56D4252493D03A3E2A2A043B2230AE.apk,0 log output,
9F5FA29E48216F91644C451447BD6BD51ABF0686D1DDC8E0DA3CDE27E79FBE22.apk,Analysis Failed,
C37286A40A8BB4E8216C1D6541FE841E36DF2BF2FA23CA76C84BF298424FDB54.apk,Analysis Failed,
F877509D2768C4953B049C14E7009B9D9C1139E9DE4EB7641F0CBE3A902F6252.apk,Analysis Failed,
06C388340F5024793F1D14D413E2DE187ECD3F0427E9908B31E2BA11C93D6611.apk,Succeed log output,
489464241D1785DB3E30E05998873AB79214E7C8E9D2CB3C181D1D6BB023BA3D.apk,Analysis Failed,
CDC3BA8DB2C83D41544CC63B2587B5D1B98D9E189723A955C87D8B14DEF6F6DA.apk,Succeed log output,
A650EF195201976D8725E61B88095304959F8F5E7C94D488025EF94E8670B9DB.apk,Succeed log output,
F0AB4C62314F20C0FF896A0AEB1179BF7E6E092641F00F86423FDE7032DD2507.apk,Succeed log output,
C437D892E2EE231C570DB73B89B01379049ED7CF6F3152F65365C090577D746F.apk,Succeed log output,
CC7FB6C4CFB6196745C16339DB9A96FDE931EF147A4DC94CF039C36B49331F7F.apk,Succeed log output,
F740C82ED49B2D930FF75352CD81875A80AB8B98F5061200F526A03CF630C4A6.apk,0 log output,
16641D5916324900AAF951233753389A3021175F74B4CD1EE95C2982FCBA8F64.apk,Analysis Failed,No x86_64
0DE1220A0DC9713EE1EE686FC955943E83D8EDACD37C022ADF1A7C2601D2BA28.apk,0 log output,
D487749D22C36C05297CF97722F2241E0EB8B474DCE45287CC9D26E37532FEEA.apk,Succeed log output,
73BA4ACB6E11DB406250D00C771A270D86ADAC5C4F4AD6B2B44C746D3D83EF8B.apk,Succeed log output,
2D0B58E1A23273E668DD508F0C4A0BA6B104C81194C1DB9318DC94C46A004288.apk,0 log output,
63AC91778448A8D09AF1253B23D9308AC57D461194B84EE6004621E10CAFE051.apk,Succeed log output,
F65E08F04A7DD282BF6F4DBAAEE53D0414E9C06DB5D2C2EE86D854E3367726B9.apk,Succeed log output,
84CD830A3C5A709DE87BE4A91D39B1CB55D46F0C1A493F2FB8908F97B7357FA4.apk,Succeed log output,
D09E439BAA3ECD60D49BFC3900C394168CE7E9A96C2F6F93DEF6B5F5E44BB017.apk,Succeed log output,
D1DD4A44F7052113B18B54E19E77F05225EB7BB556527300D53D0376E1EB402E.apk,Analysis Failed,
FF44DD4215E324FFF9E1C7B9ECE79572A73F210D66077C39B6FBF88DE2271C5C.apk,Succeed log output,
E9E60E6BA28E5F954864B28ED09D71A16C1B21A09030D2A7A83619E649FA1E28.apk,0 log output,
F38FA01AD748575873C32F3973F2C951AA222E1C577F7420A4B7C7FA10508144.apk,Succeed log output,
498D695CC2F6C8365119EAA91DEE38D4399D3B1A50C6D277FE3FE68D3168D4D6.apk,Analysis Failed,
D8B0DAE1745A0516DFB566581072C19E73EE3BB99C4FD9A38CED63C2B2DD2EEE.apk,0 log output,
00C66E08A43923974757408F511E9BA233D19E2B207F6B0B708C40B190EB2FFF.apk,0 log output,
43D44AF324B914E110EABF3C295FA8013C83A83CAA28E9CD079E2D3D0DF843FC.apk,Succeed log output,
76D4011AA6F04163030BFA27E7043DED27A4CB01D371B0C9DEC73D7107817416.apk,0 log output,
1148784FACBFC63258303BB9B1EC8D1F212AE81A98DDE67F6808C283C1C90406.apk,Analysis Failed,
B7181B64452D0D6104E61CC0BBD9177FD7ED19E521A6F436F44A3BF9373F0ABE.apk,0 log output,
CAFF12C0FFF2BD34EEE01C02CF3EF6526FD5BE3B6CDD758C8DBA78F37C320DD7.apk,0 log output,
62D7D877CDE50F0C006A5D68D8ECFC1BD2F6D817490396651D3C88CAF39A8B9D.apk,Analysis Failed,
657F014EF47C837F33BCC48E2892DA46E970B4F7E063630F7983494D697660D8.apk,Analysis Failed,
DFD02E7121E8F034663EE844DA3222E5573F5434174060D550DC78694A939684.apk,Analysis Failed,
69CEC401828E692B0BDDDF1F35BC6AA3BA929317CB8926E7A76D08CF00A3D146.apk,Succeed log output,
36EB158C162B8893BB57036D534E4E377C2A3824ECC6B55DFE63E8D27F68D285.apk,0 log output,
F307E4DB2E5BDE85716A663FBA943073A880BB92031F1F052B81CB6B0FE7FDD2.apk,Succeed log output,
DD8A83CB9F7FD7EA84AC9017A58B844F43AE596C96CF2D2A8520992B008CBE10.apk,0 log output,
666A95136B630391AA490F02496D85765E75D9B4AA0999EE7CABFAB92C86D6A6.apk,0 log output,
0548CB94AF84B7B96028A19A21D7416B733FBA15C65CAB370AB5BC5B3D0444B9.apk,Analysis Failed,
ED5ECA004EDAA738DDFC883C9679BC970E3194EA6DAE545CBAA251A0F41A141C.apk,Succeed log output,
A38F2AC2FFBD49CD2F7B66E1EB699FA2A95D96570D5883F8B0A4344258EF67A5.apk,Succeed log output,
FDD425EDC99338727AA903929C4A618A277E30DBFF41F727C1FB1FE524A346EB.apk,Succeed log output,
4D4E60974DAA5B9780622E71C6B8EE9F32781B260FD0B6D3C45A9B04DFC14F2F.apk,Succeed log output,
000B390A3721379376B43BD4481DB65C7EDB7C05514EB681B172CA959F85CD1C.apk,Analysis Failed,
78421322EC4EA188F986FAC6F7A1D7590D7168BF959CA6D477A565F2CDD2293F.apk,Succeed log output,
AC3F577D0A8928130089FA6896ABB8F3EF21CB0BFBAD44B0C312C9BE491ED780.apk,Succeed log output,
5E0EBE018FBDC80DE1C9726DE3E8BE60526906DB7EB67D8ECAD1D1D086E9A38E.apk,Succeed log output,
65EAD12BE673B8380DFC9C268D8B5B468BFDECD9F1D6A71B28B6D6F5A9572122.apk,Succeed log output,
EA6A078775272EBCB50925A5B75ADDBC37417171D31F5DF97131360ED49F6371.apk,Succeed log output,
444F918AA5B49CAA55B7065C6908CEE1040558CE9357CBB3E3716FFD9966D67F.apk,0 log output,
5B174C1FEBB9E7EADDCF14245D62450ADEF523ECC4FE6D3E99C2E499ACD77ACD.apk,0 log output,
E2259D2A13DF664A673FEECFDB4DC4AAFB3B30C4EA86A5A2E589123E056C8395.apk,Succeed log output,
DF42ED256850DB7B95C17FF0A90379A23D60C6CC95284D675C37B3ADBC56FDA5.apk,0 log output,
1645F505C8528E777EE05B8AE687D849E03A1187AB5CA3D49B840B1F5C9B2C9F.apk,0 log output,
461DDD68CC3C644C32043A1447B0C034D13A314EEED6FA456A5BDBDF75A1E7CA.apk,Succeed log output,
8CCFFC2618111F4D05D3885617364222940F9208AE0E2633C66D83A8C09A9F84.apk,Succeed log output,
E18DF861CED0313A41E6D660E7C5436C5A0A045E4CF5B09E7AAB09AF4209F932.apk,Succeed log output,
FCDCFA49ADDF813DB033CCB863407FF194AF3314E64AB75C3139A6AB6C2FB845.apk,Succeed log output,
1A1C328C5D78D43A52B20D0DCBF4271C47F65AA0A748D041259964548592A623.apk,Analysis Failed,
92EF38AF5CEB81AFEDF3D87788644629476BA3327C0C4392CAB68EA0869C18A3.apk,0 log output,
67CC36D6BE48A5C70B1A9DC245DACB0BB7F3B54FD3E51534DDDE196B1A8FA7DF.apk,Analysis Failed,
6900C786343BE6A1CB8109E17CCC5541EC9CF6AE7456EDF7E14BA5B8F5E8ECA6.apk,Succeed log output,
6E7188815C3B5EC9B9A7B7E9C6E53700EF77C6B76567C0BDAFAC44AB4A545606.apk,Analysis Failed,
09AF0B0BE094C35CEBD15846CFEB030AEFDF6468A852EAC2F2F4EA33627F423B.apk,Succeed log output,
311062FD60E226EAC84CDBB73D0167665A048491AA01828BF858590B3AC78E82.apk,Succeed log output,
D877FF35AB4A8DE325CBCD072834D43C711506EA3B1E1F3F8DB9BD6C400C0C4F.apk,Succeed log output,
55EA0817845EBAB7DD7DB7EB662FEA2E0CBB9BE463581A9A0CAED33BC4F6BF51.apk,Succeed log output,
B784A7215F2027DCA590C4B0FD9D418B051901683A8A9D880DF97D7C0891DAB2.apk,Analysis Failed,
008EEAA66D7AFFEA85B4635EF6EC0E45B2AE69770A80AFD1723F166D3257CDE6.apk,Analysis Failed,
A1C29845C28E24BE35F8A3288481D015FD99C082FD82865A209738FA7DD6497B.apk,Succeed log output,
A6F6CE4450563593EF8DD1F471FD353FF31569AAAEF6280C6BCAAEE5A931F255.apk,Analysis Failed,
EE0A181B2FBF5F7F7E4B435C4819D9C6E14E330E423DEDBCD4682506719B36EE.apk,Succeed log output,
5C5E1A98D9176312EA8C9B52B6A67366D0C62D1A86BA99693B8C4273C4A8BEB2.apk,Succeed log output,
5A82F7C4C9A2AA6CEFFC11FB2F121ACA326B7CF854811B8B94F876ACFCD1F4E6.apk,Succeed log output,
2E7347332D8A9B55456734B09F73831E42BBFFB4C869A64C88991847D1648251.apk,Succeed log output,
317BE2812E6237888C24AA55F3CA352B6908F5970AF704ACE91D8F3932C9F633.apk,Succeed log output,
B12887CB7C5CC15CE7CE119A26923A1819F643BA47F4FCD21C34A5DAC017109A.apk,0 log output,
13939D8A0FE5A14C1CCAAD547831E89AEE0D19716060B6A1D142AA4CD8E72C0E.apk,Succeed log output,
9653EBB21E56D43F52BAB998B6A793BDD6C0B27007B8A3828A9EAA5818F0736B.apk,Succeed log output,
C2E299B97FE5CCEE22B594F7525AE837B2E421EEE16752DFF12ABDD5EB102560.apk,Succeed log output,
988A948633D5D5D4D659A1B03035C926958F8EBED7F75ECD4F03D08E56798E3B.apk,Analysis Failed,
3E2126E6B9AAD3FCF383F61C57D3A5AD0B838AC8ADE9EE5B81235AC002B262EF.apk,Succeed log output,
1410886C5741B977BD015861AACCDA83FDD9761BEB25B5BBB3A2A34EBB2B63E9.apk,Analysis Failed,
101EAE608EFA210A527FE1443851670D75021E74797A838A4FE56B6B32E69287.apk,Succeed log output,
6029FC3BAD52334FE0DEAB40EEA9E938E16513660362576071C5BB7CC7B1A8D3.apk,Succeed log output,
6A121452E63225D3718A642FBEA2DCAF252413F301E937A056F469E56C361A8E.apk,Succeed log output,
9FA30A5986E234C85E4D8166B548DD8E0CDED251DA8330990A212A9651F8F63B.apk,0 log output,
2DA4F4978C9C01E138DCCB9BD21D191B40F70FF796C1AB56B12A39E01B287434.apk,Analysis Failed,
33AB319CEDFEA22B4965012B47475FBB2CB3214BCA9B8F001034BC17A17CB136.apk,Analysis Failed,
27B8100BDA5D227D815DE254E177201F3E2546A360D04477B035814BDD763572.apk,Analysis Failed,
780800B6359328938A5D181C15D74085E860F1305559577130D14078899A8A0C.apk,0 log output,
937161C0564BE53529E2785E84C19B5866B355981656AA8DB6D2EA6BDC3489BF.apk,Succeed log output,
